setting,mean,k,log_likelihood,converged,n_events,note
total,0.1825009423732163,0.4248425494149731,-1009.0841074808675,True,596,ok
household,0.0069775,,-inf,False,17,insufficient events for NB fit
school,0.0091875,,-inf,False,19,insufficient events for NB fit
workplace,0.0045000231808095936,10.0,-57.633100933753035,True,71,ok
family,0.0016474999999999999,,-inf,False,4,insufficient events for NB fit
community,0.1484901908875822,0.3371209243585862,-873.521051886582,True,540,ok
